"backport-util-concurrent/backport-util-concurrent/3.1/backport-util-concurrent-3.1.jar";332000;16000
"backport-util-concurrent/backport-util-concurrent/3.1/backport-util-concurrent-3.1.pom";880;266
"classworlds/classworlds/1.1-alpha-2/classworlds-1.1-alpha-2.pom";3100;1900
"classworlds/classworlds/1.1/classworlds-1.1.jar";38000;1800
"classworlds/classworlds/1.1/classworlds-1.1.pom";3300;2000
"com/fasterxml/jackson/core/jackson-annotations/2.8.0/jackson-annotations-2.8.0.pom";1800;107
"com/fasterxml/jackson/core/jackson-annotations/2.8.4/jackson-annotations-2.8.4.jar";56000;1200
"com/fasterxml/jackson/core/jackson-annotations/2.8.4/jackson-annotations-2.8.4.pom";1800;107
"com/fasterxml/jackson/core/jackson-core/2.8.4/jackson-core-2.8.4.jar";281000;5700
"com/fasterxml/jackson/core/jackson-core/2.8.4/jackson-core-2.8.4.pom";5400;3200
"com/fasterxml/jackson/core/jackson-databind/2.8.4/jackson-databind-2.8.4.jar";1200000;25000
"com/fasterxml/jackson/core/jackson-databind/2.8.4/jackson-databind-2.8.4.pom";5400;3200
"com/fasterxml/jackson/jackson-parent/2.8/jackson-parent-2.8.pom";8000;4700
"com/fasterxml/jackson/module/jackson-module-jaxb-annotations/2.8.4/jackson-module-jaxb-annotations-2.8.4.jar";35000;699
"com/fasterxml/jackson/module/jackson-module-jaxb-annotations/2.8.4/jackson-module-jaxb-annotations-2.8.4.pom";3600;1900
"com/fasterxml/oss-parent/27/oss-parent-27.pom";20000;12000
"com/google/code/findbugs/jsr305/2.0.1/jsr305-2.0.1.jar";32000;5400
"com/google/code/findbugs/jsr305/2.0.1/jsr305-2.0.1.pom";965;396
"com/google/collections/google-collections/1.0/google-collections-1.0.jar";640000;26000
"com/google/collections/google-collections/1.0/google-collections-1.0.pom";2500;1500
"com/google/google/1/google-1.pom";1600;926
"com/kohlschutter/junixsocket/junixsocket-common/2.0.4/junixsocket-common-2.0.4.jar";18000;688
"com/kohlschutter/junixsocket/junixsocket-common/2.0.4/junixsocket-common-2.0.4.pom";1400;835
"com/kohlschutter/junixsocket/junixsocket-native-common/2.0.4/junixsocket-native-common-2.0.4.jar";28000;1100
"com/kohlschutter/junixsocket/junixsocket-native-common/2.0.4/junixsocket-native-common-2.0.4.pom";3800;2200
"com/kohlschutter/junixsocket/junixsocket-parent/2.0.4/junixsocket-parent-2.0.4.pom";3900;2300
"com/kohlschutter/kohlschutter-parent/1.1/kohlschutter-parent-1.1.pom";18000;1100
"commons-cli/commons-cli/1.0/commons-cli-1.0.jar";30000;6900
"commons-cli/commons-cli/1.0/commons-cli-1.0.pom";2100;1200
"commons-logging/commons-logging-api/1.1/commons-logging-api-1.1.jar";45000;1900
"commons-logging/commons-logging-api/1.1/commons-logging-api-1.1.pom";5300;3200
"com/sebastian-daschner/jaxrs-analyzer/0.17/jaxrs-analyzer-0.17.jar";4099999;307000
"com/sebastian-daschner/jaxrs-analyzer/0.17/jaxrs-analyzer-0.17.pom";5200;302
"com/sebastian-daschner/jaxrs-analyzer-maven-plugin/0.17/jaxrs-analyzer-maven-plugin-0.17.jar";13000;7500
"com/sebastian-daschner/jaxrs-analyzer-maven-plugin/0.17/jaxrs-analyzer-maven-plugin-0.17.pom";5800;3400
"com/sun/mail/all/1.5.0/all-1.5.0.pom";19000;11000
"com/sun/mail/javax.mail/1.5.0/javax.mail-1.5.0.jar";522000;205000
"com/sun/mail/javax.mail/1.5.0/javax.mail-1.5.0.pom";4300;250
"com/thoughtworks/qdox/qdox/2.0-M7/qdox-2.0-M7.jar";315000;7600
"com/thoughtworks/qdox/qdox/2.0-M7/qdox-2.0-M7.pom";16000;9400
"com/thoughtworks/xstream/xstream/1.3.1/xstream-1.3.1.jar";431000;183000
"com/thoughtworks/xstream/xstream/1.3.1/xstream-1.3.1.pom";11000;6800
"com/thoughtworks/xstream/xstream-parent/1.3.1/xstream-parent-1.3.1.pom";14000;8400
"javax/activation/activation/1.1/activation-1.1.jar";63000;31000
"javax/activation/activation/1.1/activation-1.1.pom";1100;630
"javax/annotation/javax.annotation-api/1.2/javax.annotation-api-1.2.pom";13000;8000
"javax/annotation/javax.annotation-api/1.3.1/javax.annotation-api-1.3.1.jar";27000;1100
"javax/annotation/javax.annotation-api/1.3.1/javax.annotation-api-1.3.1.pom";14000;799
"javax/inject/javax.inject/1/javax.inject-1.jar";2500;53
"javax/inject/javax.inject/1/javax.inject-1.pom";612;359
"javax/javaee-api/7.0/javaee-api-7.0.jar";1900000;479000
"javax/javaee-api/7.0/javaee-api-7.0.pom";8600;5000
"javax/json/javax.json-api/1.1.2/javax.json-api-1.1.2.jar";31000;1100
"javax/json/javax.json-api/1.1.2/javax.json-api-1.1.2.pom";6700;3900
"javax/ws/rs/javax.ws.rs-api/2.1/javax.ws.rs-api-2.1.jar";128000;2900
"javax/ws/rs/javax.ws.rs-api/2.1/javax.ws.rs-api-2.1.pom";30000;1800
"javax/xml/bind/jaxb-api/2.3.0/jaxb-api-2.3.0.jar";126000;5100
"javax/xml/bind/jaxb-api/2.3.0/jaxb-api-2.3.0.pom";23000;13000
"javax/xml/bind/jaxb-api-parent/2.3.0/jaxb-api-parent-2.3.0.pom";5600;328
"junit/junit/3.8.1/junit-3.8.1.jar";121000;5600
"junit/junit/3.8.1/junit-3.8.1.pom";998;570
"junit/junit/3.8.2/junit-3.8.2.jar";121000;4900
"junit/junit/3.8.2/junit-3.8.2.pom";747;43
"junit/junit/4.12/junit-4.12.jar";315000;14000
"junit/junit/4.12/junit-4.12.pom";24000;14000
"log4j/log4j/1.2.12/log4j-1.2.12.jar";358000;15000
"log4j/log4j/1.2.12/log4j-1.2.12.pom";145;8
"net/bytebuddy/byte-buddy/1.9.3/byte-buddy-1.9.3.jar";3200000;136000
"net/bytebuddy/byte-buddy/1.9.3/byte-buddy-1.9.3.pom";10000;593
"net/bytebuddy/byte-buddy-agent/1.9.3/byte-buddy-agent-1.9.3.jar";43000;8200
"net/bytebuddy/byte-buddy-agent/1.9.3/byte-buddy-agent-1.9.3.pom";6000;3500
"net/bytebuddy/byte-buddy-parent/1.9.3/byte-buddy-parent-1.9.3.pom";34000;20000
"net/java/dev/jna/jna/4.5.1/jna-4.5.1.jar";1400000;52000
"net/java/dev/jna/jna/4.5.1/jna-4.5.1.pom";1600;92
"net/java/dev/jna/jna-platform/4.5.1/jna-platform-4.5.1.jar";2300000;51000
"net/java/dev/jna/jna-platform/4.5.1/jna-platform-4.5.1.pom";1800;1100
"net/java/jvnet-parent/1/jvnet-parent-1.pom";4700;2800
"net/java/jvnet-parent/3/jvnet-parent-3.pom";4800;2800
"net/java/jvnet-parent/4/jvnet-parent-4.pom";7800;4600
"net/java/jvnet-parent/5/jvnet-parent-5.pom";8900;5200
"org/apache/apache/10/apache-10.pom";15000;851
"org/apache/apache/11/apache-11.pom";15000;867
"org/apache/apache/13/apache-13.pom";14000;8200
"org/apache/apache/18/apache-18.pom";16000;910
"org/apache/apache/19/apache-19.pom";15000;9100
"org/apache/apache/3/apache-3.pom";3400;2000
"org/apache/apache/4/apache-4.pom";4500;2700
"org/apache/apache/5/apache-5.pom";4100;2400
"org/apache/apache/7/apache-7.pom";14000;8600
"org/apache/commons/commons-compress/1.18/commons-compress-1.18.jar";592000;24000
"org/apache/commons/commons-compress/1.18/commons-compress-1.18.pom";18000;10000
"org/apache/commons/commons-parent/47/commons-parent-47.pom";78000;46000
"org/apache/maven/doxia/doxia/1.0-alpha-7/doxia-1.0-alpha-7.pom";3900;2300
"org/apache/maven/doxia/doxia-sink-api/1.0-alpha-7/doxia-sink-api-1.0-alpha-7.jar";5900;1900
"org/apache/maven/doxia/doxia-sink-api/1.0-alpha-7/doxia-sink-api-1.0-alpha-7.pom";424;252
"org/apache/maven/maven/2.0.6/maven-2.0.6.pom";9000;5400
"org/apache/maven/maven/2.0.9/maven-2.0.9.pom";19000;1100
"org/apache/maven/maven/2.2.1/maven-2.2.1.pom";22000;13000
"org/apache/maven/maven-archiver/2.5/maven-archiver-2.5.jar";22000;12000
"org/apache/maven/maven-archiver/2.5/maven-archiver-2.5.pom";4500;2700
"org/apache/maven/maven-artifact/2.0.6/maven-artifact-2.0.6.jar";87000;15000
"org/apache/maven/maven-artifact/2.0.6/maven-artifact-2.0.6.pom";1600;907
"org/apache/maven/maven-artifact/2.0.9/maven-artifact-2.0.9.jar";89000;45000
"org/apache/maven/maven-artifact/2.0.9/maven-artifact-2.0.9.pom";1600;92
"org/apache/maven/maven-artifact/2.2.1/maven-artifact-2.2.1.jar";80000;23000
"org/apache/maven/maven-artifact/2.2.1/maven-artifact-2.2.1.pom";1600;90
"org/apache/maven/maven-artifact-manager/2.0.6/maven-artifact-manager-2.0.6.jar";57000;29000
"org/apache/maven/maven-artifact-manager/2.0.6/maven-artifact-manager-2.0.6.pom";2600;1600
"org/apache/maven/maven-artifact-manager/2.0.9/maven-artifact-manager-2.0.9.jar";58000;12000
"org/apache/maven/maven-artifact-manager/2.0.9/maven-artifact-manager-2.0.9.pom";2700;1600
"org/apache/maven/maven-artifact-manager/2.2.1/maven-artifact-manager-2.2.1.jar";68000;3300
"org/apache/maven/maven-artifact-manager/2.2.1/maven-artifact-manager-2.2.1.pom";3100;179
"org/apache/maven/maven-core/2.0.6/maven-core-2.0.6.jar";152000;47000
"org/apache/maven/maven-core/2.0.6/maven-core-2.0.6.pom";6700;4000
"org/apache/maven/maven-core/2.0.9/maven-core-2.0.9.jar";160000;71000
"org/apache/maven/maven-core/2.0.9/maven-core-2.0.9.pom";7800;4500
"org/apache/maven/maven-core/2.2.1/maven-core-2.2.1.jar";178000;8200
"org/apache/maven/maven-core/2.2.1/maven-core-2.2.1.pom";12000;6900
"org/apache/maven/maven-error-diagnostics/2.0.6/maven-error-diagnostics-2.0.6.jar";14000;690
"org/apache/maven/maven-error-diagnostics/2.0.6/maven-error-diagnostics-2.0.6.pom";1700;99
"org/apache/maven/maven-error-diagnostics/2.0.9/maven-error-diagnostics-2.0.9.jar";14000;4100
"org/apache/maven/maven-error-diagnostics/2.0.9/maven-error-diagnostics-2.0.9.pom";1700;101
"org/apache/maven/maven-error-diagnostics/2.2.1/maven-error-diagnostics-2.2.1.jar";13000;565
"org/apache/maven/maven-error-diagnostics/2.2.1/maven-error-diagnostics-2.2.1.pom";1700;1000
"org/apache/maven/maven-model/2.0.6/maven-model-2.0.6.jar";86000;3800
"org/apache/maven/maven-model/2.0.6/maven-model-2.0.6.pom";3000;1800
"org/apache/maven/maven-model/2.0.9/maven-model-2.0.9.jar";87000;26000
"org/apache/maven/maven-model/2.0.9/maven-model-2.0.9.pom";3100;182
"org/apache/maven/maven-model/2.2.1/maven-model-2.2.1.jar";88000;4000
"org/apache/maven/maven-model/2.2.1/maven-model-2.2.1.pom";3200;188
"org/apache/maven/maven-monitor/2.0.6/maven-monitor-2.0.6.jar";10000;510
"org/apache/maven/maven-monitor/2.0.6/maven-monitor-2.0.6.pom";1300;72
"org/apache/maven/maven-monitor/2.0.9/maven-monitor-2.0.9.jar";10000;2200
"org/apache/maven/maven-monitor/2.0.9/maven-monitor-2.0.9.pom";1300;760
"org/apache/maven/maven-monitor/2.2.1/maven-monitor-2.2.1.jar";10000;268
"org/apache/maven/maven-monitor/2.2.1/maven-monitor-2.2.1.pom";1300;753
"org/apache/maven/maven-parent/11/maven-parent-11.pom";32000;1900
"org/apache/maven/maven-parent/16/maven-parent-16.pom";23000;14000
"org/apache/maven/maven-parent/21/maven-parent-21.pom";26000;16000
"org/apache/maven/maven-parent/22/maven-parent-22.pom";30000;17000
"org/apache/maven/maven-parent/23/maven-parent-23.pom";33000;1900
"org/apache/maven/maven-parent/30/maven-parent-30.pom";41000;25000
"org/apache/maven/maven-parent/31/maven-parent-31.pom";43000;26000
"org/apache/maven/maven-parent/5/maven-parent-5.pom";15000;9000
"org/apache/maven/maven-parent/8/maven-parent-8.pom";24000;14000
"org/apache/maven/maven-parent/9/maven-parent-9.pom";33000;20000
"org/apache/maven/maven-plugin-api/2.0.6/maven-plugin-api-2.0.6.jar";13000;7600
"org/apache/maven/maven-plugin-api/2.0.6/maven-plugin-api-2.0.6.pom";1500;81
"org/apache/maven/maven-plugin-api/2.0.9/maven-plugin-api-2.0.9.jar";13000;7500
"org/apache/maven/maven-plugin-api/2.0.9/maven-plugin-api-2.0.9.pom";1500;879
"org/apache/maven/maven-plugin-api/2.2.1/maven-plugin-api-2.2.1.jar";12000;716
"org/apache/maven/maven-plugin-api/2.2.1/maven-plugin-api-2.2.1.pom";1500;867
"org/apache/maven/maven-plugin-descriptor/2.0.6/maven-plugin-descriptor-2.0.6.jar";37000;8400
"org/apache/maven/maven-plugin-descriptor/2.0.6/maven-plugin-descriptor-2.0.6.pom";2000;1200
"org/apache/maven/maven-plugin-descriptor/2.0.9/maven-plugin-descriptor-2.0.9.jar";37000;8100
"org/apache/maven/maven-plugin-descriptor/2.0.9/maven-plugin-descriptor-2.0.9.pom";2100;120
"org/apache/maven/maven-plugin-descriptor/2.2.1/maven-plugin-descriptor-2.2.1.jar";39000;1900
"org/apache/maven/maven-plugin-descriptor/2.2.1/maven-plugin-descriptor-2.2.1.pom";2100;1200
"org/apache/maven/maven-plugin-parameter-documenter/2.0.6/maven-plugin-parameter-documenter-2.0.6.jar";21000;6700
"org/apache/maven/maven-plugin-parameter-documenter/2.0.6/maven-plugin-parameter-documenter-2.0.6.pom";1900;1100
"org/apache/maven/maven-plugin-parameter-documenter/2.0.9/maven-plugin-parameter-documenter-2.0.9.jar";21000;7000
"org/apache/maven/maven-plugin-parameter-documenter/2.0.9/maven-plugin-parameter-documenter-2.0.9.pom";2000;1200
"org/apache/maven/maven-plugin-parameter-documenter/2.2.1/maven-plugin-parameter-documenter-2.2.1.jar";22000;1000
"org/apache/maven/maven-plugin-parameter-documenter/2.2.1/maven-plugin-parameter-documenter-2.2.1.pom";2000;1200
"org/apache/maven/maven-plugin-registry/2.0.6/maven-plugin-registry-2.0.6.jar";29000;16000
"org/apache/maven/maven-plugin-registry/2.0.6/maven-plugin-registry-2.0.6.pom";1900;113
"org/apache/maven/maven-plugin-registry/2.0.9/maven-plugin-registry-2.0.9.jar";29000;6700
"org/apache/maven/maven-plugin-registry/2.0.9/maven-plugin-registry-2.0.9.pom";2000;1200
"org/apache/maven/maven-plugin-registry/2.2.1/maven-plugin-registry-2.2.1.jar";30000;1400
"org/apache/maven/maven-plugin-registry/2.2.1/maven-plugin-registry-2.2.1.pom";1900;112
"org/apache/maven/maven-profile/2.0.6/maven-profile-2.0.6.jar";35000;19000
"org/apache/maven/maven-profile/2.0.6/maven-profile-2.0.6.pom";2000;115
"org/apache/maven/maven-profile/2.0.9/maven-profile-2.0.9.jar";35000;11000
"org/apache/maven/maven-profile/2.0.9/maven-profile-2.0.9.pom";2000;1200
"org/apache/maven/maven-profile/2.2.1/maven-profile-2.2.1.jar";35000;1800
"org/apache/maven/maven-profile/2.2.1/maven-profile-2.2.1.pom";2200;1300
"org/apache/maven/maven-project/2.0.6/maven-project-2.0.6.jar";116000;55000
"org/apache/maven/maven-project/2.0.6/maven-project-2.0.6.pom";2600;153
"org/apache/maven/maven-project/2.0.9/maven-project-2.0.9.jar";122000;27000
"org/apache/maven/maven-project/2.0.9/maven-project-2.0.9.pom";2700;1600
"org/apache/maven/maven-project/2.2.1/maven-project-2.2.1.jar";156000;8300
"org/apache/maven/maven-project/2.2.1/maven-project-2.2.1.pom";2800;1600
"org/apache/maven/maven-repository-metadata/2.0.6/maven-repository-metadata-2.0.6.jar";24000;1300
"org/apache/maven/maven-repository-metadata/2.0.6/maven-repository-metadata-2.0.6.pom";1900;1100
"org/apache/maven/maven-repository-metadata/2.0.9/maven-repository-metadata-2.0.9.jar";25000;7100
"org/apache/maven/maven-repository-metadata/2.0.9/maven-repository-metadata-2.0.9.pom";1900;1100
"org/apache/maven/maven-repository-metadata/2.2.1/maven-repository-metadata-2.2.1.jar";26000;1100
"org/apache/maven/maven-repository-metadata/2.2.1/maven-repository-metadata-2.2.1.pom";1900;1100
"org/apache/maven/maven-settings/2.0.6/maven-settings-2.0.6.jar";49000;2300
"org/apache/maven/maven-settings/2.0.6/maven-settings-2.0.6.pom";2000;1200
"org/apache/maven/maven-settings/2.0.9/maven-settings-2.0.9.jar";49000;27000
"org/apache/maven/maven-settings/2.0.9/maven-settings-2.0.9.pom";2100;1200
"org/apache/maven/maven-settings/2.2.1/maven-settings-2.2.1.jar";49000;2600
"org/apache/maven/maven-settings/2.2.1/maven-settings-2.2.1.pom";2200;1300
"org/apache/maven/maven-toolchain/1.0/maven-toolchain-1.0.jar";33000;1600
"org/apache/maven/maven-toolchain/1.0/maven-toolchain-1.0.pom";3400;2000
"org/apache/maven/maven-toolchain/2.2.1/maven-toolchain-2.2.1.jar";38000;924
"org/apache/maven/maven-toolchain/2.2.1/maven-toolchain-2.2.1.pom";3300;194
"org/apache/maven/plugins/maven-compiler-plugin/3.1/maven-compiler-plugin-3.1.jar";43000;24000
"org/apache/maven/plugins/maven-compiler-plugin/3.1/maven-compiler-plugin-3.1.pom";10000;6000
"org/apache/maven/plugins/maven-failsafe-plugin/2.22.0/maven-failsafe-plugin-2.22.0.jar";294000;17000
"org/apache/maven/plugins/maven-failsafe-plugin/2.22.0/maven-failsafe-plugin-2.22.0.pom";12000;690
"org/apache/maven/plugins/maven-plugins/22/maven-plugins-22.pom";13000;7600
"org/apache/maven/plugins/maven-plugins/23/maven-plugins-23.pom";9200;5400
"org/apache/maven/plugins/maven-plugins/24/maven-plugins-24.pom";11000;6300
"org/apache/maven/plugins/maven-resources-plugin/2.6/maven-resources-plugin-2.6.jar";30000;16000
"org/apache/maven/plugins/maven-resources-plugin/2.6/maven-resources-plugin-2.6.pom";8100;4800
"org/apache/maven/plugins/maven-surefire-plugin/2.22.0/maven-surefire-plugin-2.22.0.jar";41000;2300
"org/apache/maven/plugins/maven-surefire-plugin/2.22.0/maven-surefire-plugin-2.22.0.pom";5000;3000
"org/apache/maven/plugins/maven-war-plugin/2.2/maven-war-plugin-2.2.jar";79000;38000
"org/apache/maven/plugins/maven-war-plugin/2.2/maven-war-plugin-2.2.pom";6500;3800
"org/apache/maven/plugin-tools/maven-plugin-annotations/3.5/maven-plugin-annotations-3.5.jar";14000;8400
"org/apache/maven/plugin-tools/maven-plugin-annotations/3.5/maven-plugin-annotations-3.5.pom";1700;989
"org/apache/maven/plugin-tools/maven-plugin-tools/3.5/maven-plugin-tools-3.5.pom";16000;9700
"org/apache/maven/reporting/maven-reporting/2.0.6/maven-reporting-2.0.6.pom";1400;814
"org/apache/maven/reporting/maven-reporting-api/2.0.6/maven-reporting-api-2.0.6.jar";9900;3300
"org/apache/maven/reporting/maven-reporting-api/2.0.6/maven-reporting-api-2.0.6.pom";1800;101
"org/apache/maven/reporting/maven-reporting-api/3.0/maven-reporting-api-3.0.jar";11000;480
"org/apache/maven/reporting/maven-reporting-api/3.0/maven-reporting-api-3.0.pom";2400;137
"org/apache/maven/shared/maven-filtering/1.0-beta-2/maven-filtering-1.0-beta-2.jar";33000;1700
"org/apache/maven/shared/maven-filtering/1.0-beta-2/maven-filtering-1.0-beta-2.pom";4000;233
"org/apache/maven/shared/maven-filtering/1.1/maven-filtering-1.1.jar";43000;1900
"org/apache/maven/shared/maven-filtering/1.1/maven-filtering-1.1.pom";5800;3400
"org/apache/maven/shared/maven-shared-components/10/maven-shared-components-10.pom";8400;5100
"org/apache/maven/shared/maven-shared-components/15/maven-shared-components-15.pom";9300;5600
"org/apache/maven/shared/maven-shared-components/17/maven-shared-components-17.pom";8700;5200
"org/apache/maven/shared/maven-shared-components/18/maven-shared-components-18.pom";4900;2900
"org/apache/maven/shared/maven-shared-components/19/maven-shared-components-19.pom";6400;369
"org/apache/maven/shared/maven-shared-incremental/1.1/maven-shared-incremental-1.1.jar";14000;2400
"org/apache/maven/shared/maven-shared-incremental/1.1/maven-shared-incremental-1.1.pom";4700;2800
"org/apache/maven/shared/maven-shared-utils/0.1/maven-shared-utils-0.1.jar";155000;26000
"org/apache/maven/shared/maven-shared-utils/0.1/maven-shared-utils-0.1.pom";4000;234
"org/apache/maven/surefire/maven-surefire-common/2.22.0/maven-surefire-common-2.22.0.jar";524000;209000
"org/apache/maven/surefire/maven-surefire-common/2.22.0/maven-surefire-common-2.22.0.pom";11000;662
"org/apache/maven/surefire/surefire/2.22.0/surefire-2.22.0.pom";27000;16000
"org/apache/maven/surefire/surefire-api/2.22.0/surefire-api-2.22.0.jar";186000;89000
"org/apache/maven/surefire/surefire-api/2.22.0/surefire-api-2.22.0.pom";3500;2100
"org/apache/maven/surefire/surefire-booter/2.22.0/surefire-booter-2.22.0.jar";273000;15000
"org/apache/maven/surefire/surefire-booter/2.22.0/surefire-booter-2.22.0.pom";7400;4400
"org/apache/maven/surefire/surefire-junit-platform/2.22.0/surefire-junit-platform-2.22.0.jar";66000;33000
"org/apache/maven/surefire/surefire-junit-platform/2.22.0/surefire-junit-platform-2.22.0.pom";7000;4200
"org/apache/maven/surefire/surefire-logger-api/2.22.0/surefire-logger-api-2.22.0.jar";13000;775
"org/apache/maven/surefire/surefire-logger-api/2.22.0/surefire-logger-api-2.22.0.pom";2000;1200
"org/apache/maven/surefire/surefire-providers/2.22.0/surefire-providers-2.22.0.pom";2500;1500
"org/apache/xbean/xbean/3.4/xbean-3.4.pom";19000;11000
"org/apache/xbean/xbean-reflect/3.4/xbean-reflect-3.4.jar";134000;5600
"org/apache/xbean/xbean-reflect/3.4/xbean-reflect-3.4.pom";2800;1700
"org/apiguardian/apiguardian-api/1.0.0/apiguardian-api-1.0.0.jar";2200;1200
"org/apiguardian/apiguardian-api/1.0.0/apiguardian-api-1.0.0.pom";1200;663
"org/codehaus/plexus/plexus/1.0.11/plexus-1.0.11.pom";9000;520
"org/codehaus/plexus/plexus/1.0.12/plexus-1.0.12.pom";9800;566
"org/codehaus/plexus/plexus/1.0.4/plexus-1.0.4.pom";5700;332
"org/codehaus/plexus/plexus/2.0.2/plexus-2.0.2.pom";12000;672
"org/codehaus/plexus/plexus/2.0.3/plexus-2.0.3.pom";15000;9200
"org/codehaus/plexus/plexus/2.0.6/plexus-2.0.6.pom";17000;970
"org/codehaus/plexus/plexus/2.0.7/plexus-2.0.7.pom";17000;10000
"org/codehaus/plexus/plexus/3.0.1/plexus-3.0.1.pom";19000;11000
"org/codehaus/plexus/plexus/3.2/plexus-3.2.pom";19000;11000
"org/codehaus/plexus/plexus/3.3.1/plexus-3.3.1.pom";20000;12000
"org/codehaus/plexus/plexus/4.0/plexus-4.0.pom";22000;13000
"org/codehaus/plexus/plexus-archiver/2.1/plexus-archiver-2.1.jar";184000;79000
"org/codehaus/plexus/plexus-archiver/2.1/plexus-archiver-2.1.pom";2800;162
"org/codehaus/plexus/plexus-classworlds/2.2.2/plexus-classworlds-2.2.2.jar";46000;2100
"org/codehaus/plexus/plexus-classworlds/2.2.2/plexus-classworlds-2.2.2.pom";4000;2300
"org/codehaus/plexus/plexus-compiler/2.2/plexus-compiler-2.2.pom";3600;208
"org/codehaus/plexus/plexus-compiler-api/2.2/plexus-compiler-api-2.2.jar";25000;1100
"org/codehaus/plexus/plexus-compiler-api/2.2/plexus-compiler-api-2.2.pom";865;514
"org/codehaus/plexus/plexus-compiler-javac/2.2/plexus-compiler-javac-2.2.jar";19000;834
"org/codehaus/plexus/plexus-compiler-javac/2.2/plexus-compiler-javac-2.2.pom";769;453
"org/codehaus/plexus/plexus-compiler-manager/2.2/plexus-compiler-manager-2.2.jar";4600;202
"org/codehaus/plexus/plexus-compiler-manager/2.2/plexus-compiler-manager-2.2.pom";690;40
"org/codehaus/plexus/plexus-compilers/2.2/plexus-compilers-2.2.pom";1200;742
"org/codehaus/plexus/plexus-component-annotations/1.5.5/plexus-component-annotations-1.5.5.jar";4200;717
"org/codehaus/plexus/plexus-component-annotations/1.5.5/plexus-component-annotations-1.5.5.pom";815;47
"org/codehaus/plexus/plexus-components/1.1.14/plexus-components-1.1.14.pom";5800;3500
"org/codehaus/plexus/plexus-components/1.1.15/plexus-components-1.1.15.pom";2800;165
"org/codehaus/plexus/plexus-components/1.1.19/plexus-components-1.1.19.pom";2700;1600
"org/codehaus/plexus/plexus-components/1.3.1/plexus-components-1.3.1.pom";3100;1800
"org/codehaus/plexus/plexus-container-default/1.0-alpha-9-stable-1/plexus-container-default-1.0-alpha-9-stable-1.jar";194000;9100
"org/codehaus/plexus/plexus-container-default/1.0-alpha-9-stable-1/plexus-container-default-1.0-alpha-9-stable-1.pom";3900;2300
"org/codehaus/plexus/plexus-container-default/1.5.5/plexus-container-default-1.5.5.jar";217000;9400
"org/codehaus/plexus/plexus-container-default/1.5.5/plexus-container-default-1.5.5.pom";2800;1600
"org/codehaus/plexus/plexus-containers/1.0.3/plexus-containers-1.0.3.pom";492;292
"org/codehaus/plexus/plexus-containers/1.5.5/plexus-containers-1.5.5.pom";4200;2500
"org/codehaus/plexus/plexus-interactivity-api/1.0-alpha-4/plexus-interactivity-api-1.0-alpha-4.jar";13000;3100
"org/codehaus/plexus/plexus-interactivity-api/1.0-alpha-4/plexus-interactivity-api-1.0-alpha-4.pom";7100;4200
"org/codehaus/plexus/plexus-interpolation/1.11/plexus-interpolation-1.11.jar";51000;2400
"org/codehaus/plexus/plexus-interpolation/1.11/plexus-interpolation-1.11.pom";889;526
"org/codehaus/plexus/plexus-interpolation/1.12/plexus-interpolation-1.12.pom";889;527
"org/codehaus/plexus/plexus-interpolation/1.13/plexus-interpolation-1.13.jar";61000;2700
"org/codehaus/plexus/plexus-interpolation/1.13/plexus-interpolation-1.13.pom";890;519
"org/codehaus/plexus/plexus-interpolation/1.15/plexus-interpolation-1.15.jar";60000;31000
"org/codehaus/plexus/plexus-interpolation/1.15/plexus-interpolation-1.15.pom";1000;59
"org/codehaus/plexus/plexus-interpolation/1.6/plexus-interpolation-1.6.pom";2900;1700
"org/codehaus/plexus/plexus-io/2.0.2/plexus-io-2.0.2.jar";58000;28000
"org/codehaus/plexus/plexus-io/2.0.2/plexus-io-2.0.2.pom";1700;1000
"org/codehaus/plexus/plexus-java/0.9.8/plexus-java-0.9.8.jar";35000;1400
"org/codehaus/plexus/plexus-java/0.9.8/plexus-java-0.9.8.pom";2400;1400
"org/codehaus/plexus/plexus-languages/0.9.8/plexus-languages-0.9.8.pom";2200;1300
"org/codehaus/plexus/plexus-utils/1.0.4/plexus-utils-1.0.4.pom";6900;4000
"org/codehaus/plexus/plexus-utils/1.1/plexus-utils-1.1.jar";169000;9600
"org/codehaus/plexus/plexus-utils/1.4.1/plexus-utils-1.4.1.pom";1900;1100
"org/codehaus/plexus/plexus-utils/1.4.5/plexus-utils-1.4.5.pom";2300;131
"org/codehaus/plexus/plexus-utils/1.5.15/plexus-utils-1.5.15.jar";228000;12000
"org/codehaus/plexus/plexus-utils/1.5.15/plexus-utils-1.5.15.pom";6800;4000
"org/codehaus/plexus/plexus-utils/1.5.1/plexus-utils-1.5.1.jar";211000;94000
"org/codehaus/plexus/plexus-utils/1.5.1/plexus-utils-1.5.1.pom";2300;1400
"org/codehaus/plexus/plexus-utils/1.5.5/plexus-utils-1.5.5.pom";5100;3100
"org/codehaus/plexus/plexus-utils/1.5.6/plexus-utils-1.5.6.pom";5300;3200
"org/codehaus/plexus/plexus-utils/1.5.8/plexus-utils-1.5.8.pom";8100;4800
"org/codehaus/plexus/plexus-utils/2.0.5/plexus-utils-2.0.5.jar";223000;9800
"org/codehaus/plexus/plexus-utils/2.0.5/plexus-utils-2.0.5.pom";3300;2000
"org/codehaus/plexus/plexus-utils/3.0.8/plexus-utils-3.0.8.pom";3100;1100
"org/codehaus/plexus/plexus-utils/3.0/plexus-utils-3.0.jar";226000;63000
"org/codehaus/plexus/plexus-utils/3.0/plexus-utils-3.0.pom";4100;1600
"org/eclipse/aether/aether/1.0.2.v20150114/aether-1.0.2.v20150114.pom";29000;18000
"org/eclipse/aether/aether-api/1.0.2.v20150114/aether-api-1.0.2.v20150114.jar";136000;7400
"org/eclipse/aether/aether-api/1.0.2.v20150114/aether-api-1.0.2.v20150114.pom";1800;1100
"org/glassfish/hk2/external/2.5.0-b42/external-2.5.0-b42.pom";2800;164
"org/glassfish/hk2/external/aopalliance-repackaged/2.5.0-b42/aopalliance-repackaged-2.5.0-b42.jar";15000;323
"org/glassfish/hk2/external/aopalliance-repackaged/2.5.0-b42/aopalliance-repackaged-2.5.0-b42.pom";6800;4000
"org/glassfish/hk2/external/javax.inject/2.5.0-b42/javax.inject-2.5.0-b42.jar";6000;203
"org/glassfish/hk2/external/javax.inject/2.5.0-b42/javax.inject-2.5.0-b42.pom";6500;3800
"org/glassfish/hk2/hk2-api/2.5.0-b42/hk2-api-2.5.0-b42.jar";187000;4000
"org/glassfish/hk2/hk2-api/2.5.0-b42/hk2-api-2.5.0-b42.pom";4600;270
"org/glassfish/hk2/hk2-bom/2.5.0-b42/hk2-bom-2.5.0-b42.pom";16000;9600
"org/glassfish/hk2/hk2-locator/2.5.0-b42/hk2-locator-2.5.0-b42.jar";189000;4100
"org/glassfish/hk2/hk2-locator/2.5.0-b42/hk2-locator-2.5.0-b42.pom";7900;4500
"org/glassfish/hk2/hk2-parent/2.5.0-b42/hk2-parent-2.5.0-b42.pom";42000;25000
"org/glassfish/hk2/hk2-utils/2.5.0-b42/hk2-utils-2.5.0-b42.jar";135000;2900
"org/glassfish/hk2/hk2-utils/2.5.0-b42/hk2-utils-2.5.0-b42.pom";6900;4000
"org/glassfish/hk2/osgi-resource-locator/1.0.1/osgi-resource-locator-1.0.1.jar";20000;454
"org/glassfish/hk2/osgi-resource-locator/1.0.1/osgi-resource-locator-1.0.1.pom";6200;3600
"org/glassfish/javax.json/1.1.2/javax.json-1.1.2.jar";101000;3600
"org/glassfish/javax.json/1.1.2/javax.json-1.1.2.pom";7800;449
"org/glassfish/jersey/core/jersey-client/2.26/jersey-client-2.26.jar";181000;6500
"org/glassfish/jersey/core/jersey-client/2.26/jersey-client-2.26.pom";7400;426
"org/glassfish/jersey/core/jersey-common/2.26/jersey-common-2.26.jar";1100000;25000
"org/glassfish/jersey/core/jersey-common/2.26/jersey-common-2.26.pom";9800;5800
"org/glassfish/jersey/ext/jersey-entity-filtering/2.26/jersey-entity-filtering-2.26.jar";70000;1400
"org/glassfish/jersey/ext/jersey-entity-filtering/2.26/jersey-entity-filtering-2.26.pom";4500;2700
"org/glassfish/jersey/ext/project/2.26/project-2.26.pom";4000;2400
"org/glassfish/jersey/inject/jersey-hk2/2.26/jersey-hk2-2.26.jar";62000;1400
"org/glassfish/jersey/inject/jersey-hk2/2.26/jersey-hk2-2.26.pom";5200;306
"org/glassfish/jersey/inject/project/2.26/project-2.26.pom";2700;1600
"org/glassfish/jersey/media/jersey-media-json-jackson/2.26/jersey-media-json-jackson-2.26.jar";61000;1300
"org/glassfish/jersey/media/jersey-media-json-jackson/2.26/jersey-media-json-jackson-2.26.pom";5100;299
"org/glassfish/jersey/media/project/2.26/project-2.26.pom";3300;1900
"org/glassfish/jersey/project/2.26/project-2.26.pom";86000;50000
"org/glassfish/json/1.1.2/json-1.1.2.pom";18000;6800
"org/glassfish/pom/8/pom-8.pom";11000;6200
"org/hamcrest/hamcrest-core/1.3/hamcrest-core-1.3.jar";45000;2000
"org/hamcrest/hamcrest-core/1.3/hamcrest-core-1.3.pom";766;451
"org/hamcrest/hamcrest-parent/1.3/hamcrest-parent-1.3.pom";2000;1200
"org/javassist/javassist/3.22.0-CR2/javassist-3.22.0-CR2.jar";738000;15000
"org/javassist/javassist/3.22.0-CR2/javassist-3.22.0-CR2.pom";10000;6000
"org/jetbrains/annotations/15.0/annotations-15.0.jar";19000;799
"org/jetbrains/annotations/15.0/annotations-15.0.pom";5500;3200
"org/junit/junit-bom/5.3.2/junit-bom-5.3.2.pom";4100;1600
"org/junit/jupiter/junit-jupiter-api/5.3.2/junit-jupiter-api-5.3.2.jar";115000;55000
"org/junit/jupiter/junit-jupiter-api/5.3.2/junit-jupiter-api-5.3.2.pom";2400;138
"org/junit/jupiter/junit-jupiter-engine/5.3.2/junit-jupiter-engine-5.3.2.jar";150000;41000
"org/junit/jupiter/junit-jupiter-engine/5.3.2/junit-jupiter-engine-5.3.2.pom";2400;139
"org/junit/jupiter/junit-jupiter-params/5.3.2/junit-jupiter-params-5.3.2.jar";501000;103000
"org/junit/jupiter/junit-jupiter-params/5.3.2/junit-jupiter-params-5.3.2.pom";2200;1300
"org/junit/platform/junit-platform-commons/1.2.0/junit-platform-commons-1.2.0.jar";78000;40000
"org/junit/platform/junit-platform-commons/1.2.0/junit-platform-commons-1.2.0.pom";2000;1200
"org/junit/platform/junit-platform-commons/1.3.2/junit-platform-commons-1.3.2.jar";78000;22000
"org/junit/platform/junit-platform-commons/1.3.2/junit-platform-commons-1.3.2.pom";2000;1200
"org/junit/platform/junit-platform-engine/1.2.0/junit-platform-engine-1.2.0.jar";90000;43000
"org/junit/platform/junit-platform-engine/1.2.0/junit-platform-engine-1.2.0.pom";2400;1400
"org/junit/platform/junit-platform-engine/1.3.2/junit-platform-engine-1.3.2.jar";138000;34000
"org/junit/platform/junit-platform-engine/1.3.2/junit-platform-engine-1.3.2.pom";2400;1400
"org/junit/platform/junit-platform-launcher/1.2.0/junit-platform-launcher-1.2.0.jar";80000;41000
"org/junit/platform/junit-platform-launcher/1.2.0/junit-platform-launcher-1.2.0.pom";2200;129
"org/mockito/mockito-core/2.23.4/mockito-core-2.23.4.jar";565000;104000
"org/mockito/mockito-core/2.23.4/mockito-core-2.23.4.pom";18000;10000
"org/mockito/mockito-junit-jupiter/2.23.4/mockito-junit-jupiter-2.23.4.jar";4700;774
"org/mockito/mockito-junit-jupiter/2.23.4/mockito-junit-jupiter-2.23.4.pom";17000;10000
"org/objenesis/objenesis/2.6/objenesis-2.6.jar";56000;10000
"org/objenesis/objenesis/2.6/objenesis-2.6.pom";2800;161
"org/objenesis/objenesis-parent/2.6/objenesis-parent-2.6.pom";17000;9800
"org/opentest4j/opentest4j/1.1.0/opentest4j-1.1.0.jar";6800;4000
"org/opentest4j/opentest4j/1.1.0/opentest4j-1.1.0.pom";1700;97
"org/opentest4j/opentest4j/1.1.1/opentest4j-1.1.1.jar";7100;2500
"org/opentest4j/opentest4j/1.1.1/opentest4j-1.1.1.pom";1700;987
"org/ow2/asm/asm/6.1.1/asm-6.1.1.jar";108000;2700
"org/ow2/asm/asm/6.1.1/asm-6.1.1.pom";2900;170
"org/ow2/ow2/1.5/ow2-1.5.pom";11000;6700
"org/rnorth/duct-tape/duct-tape/1.0.7/duct-tape-1.0.7.jar";25000;993
"org/rnorth/duct-tape/duct-tape/1.0.7/duct-tape-1.0.7.pom";6000;3500
"org/rnorth/tcp-unix-socket-proxy/1.0.2/tcp-unix-socket-proxy-1.0.2.jar";7200;279
"org/rnorth/tcp-unix-socket-proxy/1.0.2/tcp-unix-socket-proxy-1.0.2.pom";4700;2800
"org/rnorth/visible-assertions/visible-assertions/2.1.1/visible-assertions-2.1.1.jar";12000;460
"org/rnorth/visible-assertions/visible-assertions/2.1.1/visible-assertions-2.1.1.pom";6600;3800
"org/scijava/native-lib-loader/2.0.2/native-lib-loader-2.0.2.jar";17000;650
"org/scijava/native-lib-loader/2.0.2/native-lib-loader-2.0.2.pom";2600;1500
"org/scijava/pom-scijava/3.1/pom-scijava-3.1.pom";41000;2400
"org/slf4j/jcl-over-slf4j/1.5.6/jcl-over-slf4j-1.5.6.jar";17000;734
"org/slf4j/jcl-over-slf4j/1.5.6/jcl-over-slf4j-1.5.6.pom";2200;1300
"org/slf4j/slf4j-api/1.5.6/slf4j-api-1.5.6.jar";22000;999
"org/slf4j/slf4j-api/1.5.6/slf4j-api-1.5.6.pom";3000;1800
"org/slf4j/slf4j-api/1.7.21/slf4j-api-1.7.21.pom";2800;1600
"org/slf4j/slf4j-api/1.7.25/slf4j-api-1.7.25.jar";41000;831
"org/slf4j/slf4j-api/1.7.25/slf4j-api-1.7.25.pom";3800;223
"org/slf4j/slf4j-jdk14/1.5.6/slf4j-jdk14-1.5.6.jar";8800;401
"org/slf4j/slf4j-jdk14/1.5.6/slf4j-jdk14-1.5.6.pom";1900;1100
"org/slf4j/slf4j-jdk14/1.7.25/slf4j-jdk14-1.7.25.jar";8500;171
"org/slf4j/slf4j-jdk14/1.7.25/slf4j-jdk14-1.7.25.pom";1000;58
"org/slf4j/slf4j-parent/1.5.6/slf4j-parent-1.5.6.pom";7900;459
"org/slf4j/slf4j-parent/1.7.21/slf4j-parent-1.7.21.pom";14000;7900
"org/slf4j/slf4j-parent/1.7.25/slf4j-parent-1.7.25.pom";14000;8000
"org/sonatype/forge/forge-parent/10/forge-parent-10.pom";14000;787
"org/sonatype/forge/forge-parent/3/forge-parent-3.pom";5000;3000
"org/sonatype/forge/forge-parent/4/forge-parent-4.pom";8400;5000
"org/sonatype/forge/forge-parent/5/forge-parent-5.pom";8400;488
"org/sonatype/oss/oss-parent/9/oss-parent-9.pom";6600;3900
"org/sonatype/plexus/plexus-build-api/0.0.4/plexus-build-api-0.0.4.jar";6800;304
"org/sonatype/plexus/plexus-build-api/0.0.4/plexus-build-api-0.0.4.pom";2900;1700
"org/sonatype/plexus/plexus-cipher/1.4/plexus-cipher-1.4.jar";13000;564
"org/sonatype/plexus/plexus-cipher/1.4/plexus-cipher-1.4.pom";2100;1200
"org/sonatype/plexus/plexus-sec-dispatcher/1.3/plexus-sec-dispatcher-1.3.jar";29000;1200
"org/sonatype/plexus/plexus-sec-dispatcher/1.3/plexus-sec-dispatcher-1.3.pom";3000;1800
"org/sonatype/spice/spice-parent/10/spice-parent-10.pom";3000;175
"org/sonatype/spice/spice-parent/12/spice-parent-12.pom";6800;394
"org/sonatype/spice/spice-parent/16/spice-parent-16.pom";8400;5000
"org/sonatype/spice/spice-parent/17/spice-parent-17.pom";6800;4000
"org/testcontainers/junit-jupiter/1.10.3/junit-jupiter-1.10.3.jar";6700;306
"org/testcontainers/junit-jupiter/1.10.3/junit-jupiter-1.10.3.pom";1700;1000
"org/testcontainers/testcontainers/1.10.3/testcontainers-1.10.3.jar";17000000;695000
"org/testcontainers/testcontainers/1.10.3/testcontainers-1.10.3.pom";3500;199
"xpp3/xpp3_min/1.1.4c/xpp3_min-1.1.4c.jar";25000;8100
"xpp3/xpp3_min/1.1.4c/xpp3_min-1.1.4c.pom";1600;959
